miniradius1,8mWykpx0wHQgYAHh
miniradius2,ASlfq6666FGw7qYq
miniradius3,ssD1gL9HExmmcFME
miniradius4,KE4dknD247Uc69aX
miniradius5,iJ6Eo0bN8vGGDzhz
miniradius6,vZ6jK51jBAvUWJKk
miniradius7,lDfE18dRKhIXjIkz
miniradius8,fbTHniy9tk0RQpml
miniradius9,9oWDeWxVcqa7V35k
miniradius10,Ze0xmwpm3tpKscj6
miniradius11,Qbp4xq8J2QCVy1E7
miniradius12,Knf3VxiaFuD2fe1L
miniradius13,0O5qmMrEfbdFYlpU
miniradius14,tVvYOuTAVfz35khM
miniradius15,CqPMBqrSUAsWsYKi
miniradius16,Jq7brPNM7TE7u2bN
miniradius17,3IJQ2LNVsjKXbc83
miniradius18,mepkwbE8gW1jahP3
miniradius19,hAELzxaEJI0kgEMh
miniradius20,An4iw6TaFmEYgnbb
miniradius21,x701CPYT6iZ2iSZm
miniradius22,5nDPcMjHuTSdTird
miniradius23,N9VP9RIr34xpuHfH
miniradius24,YEAja6EjXs2IhKbj
miniradius25,6oKexzqVhnbhYgnZ
miniradius26,quZn7aAyLkURRYDq
miniradius27,fHWOxrHGb2zMVqyH
miniradius28,QEZ4hzA4r7EhJMkI
miniradius29,GAM9Zw7F0tTPwanp
miniradius30,LsKpviZZ9lZaJxgg
miniradius31,zg6qjLdgC8R4Mxkb
miniradius32,G9pl1M4qCNmEx4Cn
miniradius33,b5bhCAI0wWQtXLoA
miniradius34,mG8JLilCmocW2X4o
miniradius35,u1GRtph1KVXfINRr
miniradius36,uF2V32Wse4yFISWC
miniradius37,ljRk04cN3RF83JHR
miniradius38,KsQTtaYqev3yMzKk
miniradius39,UxIYGa97nF0fr5Fb
miniradius40,O92tjyqJ0DW4ipbU
miniradius41,A6NUlnmwQnxmpEwh
miniradius42,l6Aqg2LeWkpQvkDd
miniradius43,Ucfy5G7BiIKvpkpG
miniradius44,9Su7DBxmu4GWy10v
miniradius45,jRyqw8H56sn8wBAK
miniradius46,XlfdkfZABiyfm83S
miniradius47,H2g96Jv9Yvu1HvaI
miniradius48,Rmu9owlQ65oAACGW
miniradius49,tIjoAffleGbdazX0
miniradius50,5SfFxutoRvCjA9dT
miniradius51,YGhgfMmO8zFMA9by
miniradius52,tmGzt6MBWa0fRbgG
miniradius53,bgxZrI76J9aEEVtQ
miniradius54,xn3PFo73FKfQjZVr
miniradius55,3zXn2wHDSBt6PVwV
miniradius56,yoBTLMkMwSZHn2cA
miniradius57,lY76phH6AVxHHoQJ
miniradius58,z568mZWtNFkcOaAM
miniradius59,etLLUMsgxfudsfgE
miniradius60,zZELHOrJWU578PFr
miniradius61,pXvg3AyrC0gijHcF
miniradius62,Z1uCw2Va6GCgtoRP
miniradius63,rujRjj26uYJ6pcxn
miniradius64,FFPbhM8CCdf4XlAh
miniradius65,nkWyYfkBqFhN6I67
miniradius66,pyyrvKMxikEoi7wI
miniradius67,akz4E1ELcUJNSj6A
miniradius68,iO1ffIT9i836Dz7u
miniradius69,43DOB5qPBy47OiLt
miniradius70,BgF4j12HvI1mmr92
miniradius71,ipswWvhQnFY6Inwe
miniradius72,JROcR5n0CE2Ux0hN
miniradius73,MkuQD8wh7Cst4ynQ
miniradius74,ZmV6mZDre66BB1xO
miniradius75,97ggd7EoDlqe7bml
miniradius76,XsTpcuJ3e7NfntRm
miniradius77,0lYtjFYMMCOKZ3w0
miniradius78,YgW4ZCWN4fNoEI3x
miniradius79,VisGNPfWtvQ8zV1K
miniradius80,VfIYE0GmugeeFMWs
miniradius81,ArwpBZFAojxaWbt6
miniradius82,bVtReVPJSfjdwxHv
miniradius83,yL3mrWhLu7jzQ61A
miniradius84,8rVclxeMhjvHitYc
miniradius85,5KagjDksqLwDMImh
miniradius86,X2BIIIUvSoQYerwR
miniradius87,mSVc0QJBdpUgtFtc
miniradius88,9JPPIluMV4yPO8eg
miniradius89,1gXEPbdzFeLwxSqk
miniradius90,3QPpkcLalBSmDUkX
miniradius91,vC15nAsIf4hJZaJj
miniradius92,JJyYZ9A3Wy952pRR
miniradius93,diko7MqDc2tWMrnh
miniradius94,QmXgohNwpmMtLJgC
miniradius95,wmy6dHGXkJ6YhxlJ
miniradius96,15e9RXSjcVYp98kF
miniradius97,KAFrW81AaUzzRZ3J
miniradius98,DaIWaPxE6znuN96T
miniradius99,sR6FK6oCkSCS788a
miniradius100,dDgOdwNT0oobJ68C
miniradius101,Vxr3JUbAAnYssw8c
miniradius102,2U5xub5reAy443Fj
miniradius103,Z78dRzoRMZkdYxjG
miniradius104,i8oV3WK4bdRyFsrZ
miniradius105,GPCh6t5P8evrOSCL
miniradius106,XC28VDGJgURNgsPA
miniradius107,PvsXmjqWYNtsWguA
miniradius108,rnoFooXtTfy5DOmk
miniradius109,Ly5mKnw8yY5T5izu
miniradius110,2ihVfnwQp5EsR9Ss
miniradius111,09v7Ux8VMMYhnTV2
miniradius112,bXZgOGhI73NWmOLg
miniradius113,rS91THPWeJTe2Pi9
miniradius114,RhlFKZf44fo3nuBp
miniradius115,4rBPSQbZdrVySGnJ
miniradius116,lpCAyGa39b9EIDAr
miniradius117,9ZtdjqoC2ornWcxp
miniradius118,rkfxfDdU7OgcUVIt
miniradius119,yKJzhjsDVIoZCYW4
miniradius120,pnPqRkvnT2lClCJH
miniradius121,hwBh0zuoCjYt9EFK
miniradius122,xzcae9S6oh0zRKhN
miniradius123,ctmraub3n8SDN1bM
miniradius124,yBTPOXXOV75aUmrx
miniradius125,MKfJ2ebLJqdMZaXZ
miniradius126,F98Huv3oaWrLOjvQ
miniradius127,EfzPxyqEB4xDZuKY
miniradius128,D2MKe2woHba6BbPL
miniradius129,YdjeqqtBM07ooBNd
miniradius130,TXsFWqtR67g8Ttcb
miniradius131,UQyOub2NtTFv43UI
miniradius132,nE9aexemzKa3Qnjd
miniradius133,8zKtdkCr5E940YfI
miniradius134,dxjccC6aKyv2XZAy
miniradius135,gXwFvLmzqk6Fgt5g
miniradius136,TUt5LjfxOnhU3qAI
miniradius137,m5eMJCSeqpq6lkP8
miniradius138,EezIKik0Qjp8c1ek
miniradius139,XKcTM78JcNJdyWkw
miniradius140,wm1D5CHaFd37LFLI
miniradius141,X7s3OIVDFDySPIfv
miniradius142,ukiO6EVhlECPd9Bx
miniradius143,5BNFlBZpIxdFKkiG
miniradius144,lSybe9ZzYNgBXTNe
miniradius145,IZYZBcGBfNHWMG8y
miniradius146,Ui33bzEn8coD0rEa
miniradius147,yqsZ0ZF8iNqazYeg
miniradius148,aP3qV03iRg2ZWLSr
miniradius149,CyTYwzNFtt7puCDg
miniradius150,OwbhFhFBOrGkvtQI
miniradius151,3QYLp7CCr7jVnobd
miniradius152,Zn8n0sVCpZwnDrjk
miniradius153,2Qb5L1YuetfsozeO
miniradius154,3VbYksRdGyFSFLXu
miniradius155,oY3Hhuqd5lvmUCW0
miniradius156,wRqCugLtbI7BBMGl
miniradius157,xvVdVsDnKEm6zcnk
miniradius158,CDyAN71DAyNts9Dp
miniradius159,9QNCovcl5B6egbu6
miniradius160,IH3eSCkclFNeHVNb
miniradius161,EWLEeZgpPyzShOAC
miniradius162,tBhIhOQKaJrOMIHr
miniradius163,jxtfBR0p6ZvdKG3J
miniradius164,jMQKvBUarx2vjgG1
miniradius165,GUc9JB2uxQVuXL9w
miniradius166,KDtyovSvAxV9sGZO
miniradius167,rVS8uZS0Xc1eMvEE
miniradius168,cl1W7EUPkkO63w9O
miniradius169,twO61L3Bx2alAPtn
miniradius170,vWAMl6I80W6XBb9A
miniradius171,B7xqZNPa0bdRbohk
miniradius172,SHmQtMZt4RqdfusM
miniradius173,9HGMJ27YP6Fwt7wP
miniradius174,ntqVQOqxaFc9stZU
miniradius175,XxkoyM7uMDFa48Hi
miniradius176,dMAIeEDmH7nFTtWk
miniradius177,CCIlE4MJvCS4lo3A
miniradius178,pAFZQzJcMKn6hrrf
miniradius179,e5ECkHOYkms1SppC
miniradius180,cV68ZFLaHQ51ZN76
miniradius181,9r2mEL8sAjTof839
miniradius182,E7Vq3gMM3aRaB3FY
miniradius183,kzovTAtBXndQ9wld
miniradius184,fqrXxoKziKY7ZVdY
miniradius185,sL5UAOTlsDV9bQtV
miniradius186,uGUeZbYHKA5eA6aH
miniradius187,NBxPS55PA5mng2tY
miniradius188,UGeAf9IP1WAdWRZ7
miniradius189,vOjG021mQqhvFmGc
miniradius190,jCu9PmnaPDLlTLnn
miniradius191,9JjSmVzPMRNv5tNC
miniradius192,2aUTKVeRuUGdp3AT
miniradius193,kuSef1YXFWjYJhEk
miniradius194,v0yiowjZ16B6s0i3
miniradius195,AE2a4sTIvbtg2oSC
miniradius196,TUNKoK92E9xgTY6d
miniradius197,wv8xOJ0UyCL9bCHG
miniradius198,fIX2eS1j0xA3eEOj
miniradius199,T92h0YHQkS7kE9H9
miniradius200,cVYf7YmobN0HCRZt
miniradius201,uCtxuP5ONis5KhFP
miniradius202,jZ22vJMmnJhmYmIf
miniradius203,4WqG52qzNI5zvvBG
miniradius204,wsPTxKj1p1PETq2l
miniradius205,CwR45Sq0yyidOtls
miniradius206,LNXYnDTKA02Bhhqx
miniradius207,tWyr4Oaw3RaMSXva
miniradius208,ffnzsC3nA4l16MI3
miniradius209,AFfheXzLmvkbeQQf
miniradius210,sL9zZQHsMLUV9sRz
miniradius211,a7VZm8zzHNIYXS1i
miniradius212,RnkB34Wfen0gzgoy
miniradius213,CZrKqu8OoYqISYJX
miniradius214,PiLkPXlGMzcIvEhd
miniradius215,DvqZmeYpnoAdMfAX
miniradius216,ENohe97bDWCHVWf5
miniradius217,hBCtAcvAmTqWYbaz
miniradius218,RWmeEEcarxaGbQwV
miniradius219,YeyBpTkZsUSH7UoI
miniradius220,w2TEQpZmhHkdCAW3
miniradius221,zPOwfCeoqeU19bA2
miniradius222,HuisQix2Z71RJc5R
miniradius223,oQJhXlN2gBN4r03G
miniradius224,kKLKEL0r4BQGRlPN
miniradius225,Zntn8Ss7l7gbRPri
miniradius226,C6X9gv64mEDQCCsJ
miniradius227,Y4yvqdGk9nRSFJlk
miniradius228,KrcMKQSiYBDy0gjJ
miniradius229,GLAhL2aIdApiTtOQ
miniradius230,Qk6gWdJ9EBxfK4mT
miniradius231,vBPsSBEKBw3bGMfA
miniradius232,zYnp9DY564tVMo6K
miniradius233,rZqyAXtp46vnFfFI
miniradius234,BOyQ2cdHpumkPnUh
miniradius235,vSTfrSI2UHbjr5cv
miniradius236,rpoCTayVCCTBftM9
miniradius237,cc7gfxaQ4th4FzAu
miniradius238,Yrkx9lAkmcPDQ7Pi
miniradius239,5SEb85VGWoH3CUMM
miniradius240,wbL6ywZsA1J0ogQe
miniradius241,Woze3gYT8NBvOPCk
miniradius242,Skqi9rvB5vbwwrAd
miniradius243,bkUH7ktPw3UNB3D3
miniradius244,2D5SoX2Hf1Wjqudw
miniradius245,Z7Uy8r5CN49SFrDe
miniradius246,likAEc418ldnFCxb
miniradius247,YCkIWsYaEoAtEq38
miniradius248,c1skT7YgXSl9dtQP
miniradius249,p2giH1yKmSO2Rvh8
miniradius250,u46YzF3bREP3zRSx
miniradius251,A295WpHkc18A0tgA
miniradius252,m93HGtncKXmz0M5x
miniradius253,vLYaz3WmIvDtE6k5
miniradius254,oUVjpQqfDCvdykjN
miniradius255,YfqyNS24VITTFnwf
miniradius256,U1Etc4l2fMF8J2hf
miniradius257,4EJ2h0EaCiMkKyTS
miniradius258,p6erOl3AZJEpgXgB
miniradius259,js6zJmQyyeoWpIDo
miniradius260,NZGdvmkMrTy6l79M
miniradius261,U13j0Yy97uBVWoBX
miniradius262,hUfH2wANlsavmsmR
miniradius263,4uIRiTjw76fpnRKE
miniradius264,7Vpbusndk5RTZkAz
miniradius265,TrmZogtedAiFckAS
miniradius266,RKMvRfAGBv9ROGGW
miniradius267,L8lOY5c3kiRgpeEG
miniradius268,eGMkbiCUSXA8fREp
miniradius269,6CIz8kgOqLpvQjQE
miniradius270,9ZCYGXEfS3s1od5S
miniradius271,7KYyg7QV6GxevAVD
miniradius272,rExGkOc5p47eJB0M
miniradius273,XFpNbsPrjzUVlASk
miniradius274,0BmZLRdWck18uQlo
miniradius275,efXnTlhDXnOmlzlf
miniradius276,TPxVHZUdpiwnJM3P
miniradius277,f9GJihZEsojLTbSZ
miniradius278,JgDtjPbpzmyFVY3W
miniradius279,jnnPeThrmAbEsizv
miniradius280,AtxQIz0TUmpqqEdP
miniradius281,VyE54B3HO37MZpnw
miniradius282,i53mVIg8usnGltKU
miniradius283,8gSwAmjPKaVsxuYh
miniradius284,LJre95gM0sziSAg6
miniradius285,VQUZ1buoIRBTGCe7
miniradius286,VnA6T6TPZpZiV8eI
miniradius287,zsAqwUtGsgoitkBv
miniradius288,76E4iFt4RYoMvV7G
miniradius289,AVPtFd2IAZNEJehI
miniradius290,ySi6pDN7GeXXaMqZ
miniradius291,NBJdVtf22f18HSlg
miniradius292,PcIMOPe9UoM5SFhF
miniradius293,o4qTjEXMc5aqG2CX
miniradius294,MuiPARA1vnlaEFrj
miniradius295,e7yToFnS1pMgwQZJ
miniradius296,tBMXcYMnioiaSSPR
miniradius297,olEonSSVEpk7DdiF
miniradius298,6l4Lor4t6yqGN78w
miniradius299,Dz8p8fSH0f5Zamme
miniradius300,jUvDolsfg3KjcI0j
miniradius301,CeIWAI8zwcr7Bqph
miniradius302,5ue3zgOYXryZKRPk
miniradius303,KKPB2Zng7vsywDKg
miniradius304,6dNa25MI70P9spOt
miniradius305,5DLwdCUpnA1GHmaq
miniradius306,fOIobfICbC3gDUOi
miniradius307,i4GrbSbUtaogUUgN
miniradius308,Xi0RNHxbThKt1FEY
miniradius309,ef7QtG2cayWa1aF4
miniradius310,MkxOXwCOkHXoOCEE
miniradius311,3HexlE8UT4Df37CX
miniradius312,quhfHOAbMuasjSb8
miniradius313,JrgRyyObZh44twhq
miniradius314,iiPvQP5OoniZIURt
miniradius315,xhfFOef72Hiy6JRa
miniradius316,LKAgw8uyhOhYHuij
miniradius317,4re8tBqi09FFy2Kk
miniradius318,YM17Uw4rCuiIagnm
miniradius319,UvkM6tmvsjJftOmN
miniradius320,e9oJWebuhwL4JrzO
miniradius321,h0e6NKqzyWzngwXk
miniradius322,lOwixqghUHzAiVTk
miniradius323,TiB7c1WVKCKIAAkc
miniradius324,r6UE0mAVGFu7wwNZ
miniradius325,unk8XId7FCXH4RyE
miniradius326,52eW1q5MrhgAeRLF
miniradius327,VDYFGuPtTmTtq4Z6
miniradius328,wmBKUN2oKRV4rRLC
miniradius329,XpjjFLFemXpxo3Xf
miniradius330,Bxe0VpBpSTOLjA5n
miniradius331,8BRsuHVibGk7uHwG
miniradius332,arA5Hg7Ahulda7UR
miniradius333,SuWfrcsomeVOf7rp
miniradius334,JzJWGSrmTdVSFzY8
miniradius335,a3g2DKMzGP4vXdoI
miniradius336,KLDFgWUC5kUBVnQn
miniradius337,jpLAmpAPRehAwCFA
miniradius338,UJJdrcbAVJ0E7Ajq
miniradius339,wPoj6jg9r4vuyVRk
miniradius340,l6QX8MKnWwdcMmdN
miniradius341,mVfTszE0gpzvRjTs
miniradius342,ALiUPvbqAiUUUI30
miniradius343,ICu9HE5VSV4O6CUG
miniradius344,sw9osJtTohXgryh2
miniradius345,Nmiah3BZlcfc9Llu
miniradius346,lbDVgxhlXOWI6TXj
miniradius347,0OZIcO2KkDXxLGsI
miniradius348,YihwuIpMqWCYw3Bo
miniradius349,SM851osGZKJMZGGI
miniradius350,Gt0r6bzlxen5v69Y
miniradius351,tHmPVCj0pOS9Oxq8
miniradius352,zJj0941hJN7DZCTk
miniradius353,L32VmfFRdC9LsKfI
miniradius354,FDHAcbcYsgoB26c9
miniradius355,bCHsk6hRQRfBTTe0
miniradius356,G0al2Jf89l2bgd6I
miniradius357,EuRpHMO568Knvd0B
miniradius358,3G3nJLbJndNZXzUt
miniradius359,sbsbbL2NwBSFyH2n
miniradius360,Thib3hOEpM2HshQ4
miniradius361,jDGvOk2e77yUQy6r
miniradius362,qLZEbNTPN23E3dpD
miniradius363,IaR7erBukp3f4vrs
miniradius364,szrc0ewMNqhitYWS
miniradius365,GnFfgPdc4EXTgtQ9
miniradius366,CeQsEQIThBL35aGP
miniradius367,QtqdvywuJ9GLsufy
miniradius368,Qsz6NdW5h26fpUjF
miniradius369,UVLOAlyFVnj1wtWw
miniradius370,Y9YvlUn8bwdq5maG
miniradius371,uhJpjYNbnnpS3Zsk
miniradius372,iYNB42RMVERxV7Ai
miniradius373,iHfuMovWNZDRQhVj
miniradius374,vtp9MXcvZYvKKNiK
miniradius375,3l5MWQNiLuT4MUZ0
miniradius376,rUWC0owG0RcDHXRt
miniradius377,Z8g5DxA0BNS5TeYK
miniradius378,WnXeNmEKcXfGWxE2
miniradius379,t4des67mdxLCCIRH
miniradius380,l3F6VqQhliACSLjX
miniradius381,UB47SY1kIXzwaCM4
miniradius382,cEzy009ZD07Flxvs
miniradius383,9KYL1hSYeQf6Nqt7
miniradius384,jJIxVArgxrf1Hizd
miniradius385,82tAEtlJ1UitZqrv
miniradius386,EkcRxt7BsqFXLI0L
miniradius387,HLTR3ttO9dU9xZ6j
miniradius388,O1X7uWptbOJhsjl4
miniradius389,7IUx8F7Q3QziL9rw
miniradius390,t3M8cQARMioiomh7
miniradius391,yXXeYDPZwzTgSc3z
miniradius392,Jdj9fugu1xgboRzL
miniradius393,mgbhWSv2oy6fNrfJ
miniradius394,dHaUaR5F4ETznENq
miniradius395,cqdhXWS1zFzETkhK
miniradius396,BvvN3RagRH0F9t1x
miniradius397,cJbbZdBOnQZ4FSSS
miniradius398,HBprgHRr1jXGlSD8
miniradius399,VcLz2Zi6nRGeUUBc
miniradius400,aXJXzwCPPH2IAA6x
miniradius401,9SkLkPPGMKp0t6Qc
miniradius402,Zg79PbiJlN5ANWet
miniradius403,BsWMuz84gOXdH8mz
miniradius404,5D7cDihywvGgA55i
miniradius405,dAynskCJJuD8mpIa
miniradius406,BMaeSYOYUPTcCDs3
miniradius407,HEbQ0SUBGo0IZG7m
miniradius408,7rJtZPOWyARJPfW9
miniradius409,wWGU2E1AtYIv64VH
miniradius410,tgRwCvCp6eVmM3jc
miniradius411,7Qwb7sAPap7KuOjN
miniradius412,cTti7AbJntDg6X3u
miniradius413,rhX5KEhOf6V11Ea6
miniradius414,Nybnkyn5kSoixo0j
miniradius415,gEp6hfuXVOc7iSbS
miniradius416,ST8uIyXP0dFhmXLQ
miniradius417,5cc0xDBKKnvbcnXd
miniradius418,I2QAExMxlNaDOYYb
miniradius419,SeumGstJ6YIta9d3
miniradius420,0AJuNe8CpRrTkoWf
miniradius421,awkrT5J1PV0qnSf1
miniradius422,V7LFmApI3NpBY25b
miniradius423,D21k2gRaUt4p4FCw
miniradius424,rm85ZA4Y91iUuwDz
miniradius425,dGCQEeTdotIYdGiz
miniradius426,oyAa1W0DndTZxQ6A
miniradius427,bU1UmSz7hUY0PLnX
miniradius428,niKyL7Qce4y1wyko
miniradius429,UxMbkZQxur33xfa6
miniradius430,GMkZJe1CeVfpAtP6
miniradius431,OvdyUindEFcbgZAh
miniradius432,Pmc3pCbxEuGMJJpX
miniradius433,LCszPqWwwqb7WZGg
miniradius434,ejZTEhreXxK8k0dg
miniradius435,pYRSjtUk3jQfO48a
miniradius436,LDTKI3XAP7jutiP0
miniradius437,k6GZjW5VfV0B2mqF
miniradius438,h9ge9QRmNyxnec95
miniradius439,90PJBBpvvR5LRlDx
miniradius440,d40In2GalTlPzVN4
miniradius441,lqvAv7URbVZjUUtX
miniradius442,LiKBj2FsF0EcSQnH
miniradius443,3Wpywq0hzWy8D21P
miniradius444,G02Xbr2H29MHmO9N
miniradius445,DgGunY5WL81tgzym
miniradius446,SjnN2GJYOqVO6ASi
miniradius447,tNlWBqLMPzLObPbs
miniradius448,COEMeMDDWP2ymLEl
miniradius449,2m9tYl8BMrMJzYBW
miniradius450,oFSi55II00DTWolG
miniradius451,bzLPW7Sz2v62Cp0X
miniradius452,u4XR6POH6re13EDf
miniradius453,nAL6dsQommtkOwB7
miniradius454,AxJ9Q0OEE43KZUi8
miniradius455,UahEzUApILNVyTos
miniradius456,C7HEdF0F5qeOvYEx
miniradius457,UDDgik83oFVd1458
miniradius458,3Ts9Czjuo1HwC3fm
miniradius459,RlGVpPZ8WnD8KCOn
miniradius460,YScAOZug3RycMBLY
miniradius461,7ye9l7ijRrfHfIAG
miniradius462,WxdJY8wXsW6WGLQN
miniradius463,FHkhdXduDHKuQQzJ
miniradius464,wExvAJwwDdfIV9xw
miniradius465,ntct808dThFpSmQA
miniradius466,cmuqOYB0YzqoN5Jf
miniradius467,pIDc9h1Si2k53AEy
miniradius468,jcfyz6R0XYhUe1T4
miniradius469,XYd5Ml0aXK4IgW99
miniradius470,XtcLYZS1Xx5qmKbR
miniradius471,yCYu5YzgFH5N7AjT
miniradius472,sUujI04BPDBhcDqm
miniradius473,OwBJrpf9nHItNqqz
miniradius474,rSJH5YZ9kM2fsYZh
miniradius475,R2Ar0XJXDLkCARJW
miniradius476,OTGZ4RNAcicZsOYb
miniradius477,8f7vdwRA5cTdXud9
miniradius478,gRWy3VV18IaCvtmg
miniradius479,UNeFvTXB3Noj0vs0
miniradius480,gsEMjZrlSG9N7aDo
miniradius481,vyV4pE7YG8aas0XQ
miniradius482,7nLUdexg5BoZLUNl
miniradius483,fWXxqxXdFAiCWqPg
miniradius484,B4Y3FKMkHEYAIeQO
miniradius485,IsOn5dwf40r5HJBK
miniradius486,9d4hWiIV3NYVHKn0
miniradius487,Yo5JNIqi8tmIyzG5
miniradius488,CD2b4s6bc0E4bGxq
miniradius489,yuTvXxLr666fpEkW
miniradius490,PFG2TtV8Spm8A1mG
miniradius491,6mXWfJilSeaMmwta
miniradius492,KDdBHlOftfTpiJ2k
miniradius493,jQg7xBugbffNAxaO
miniradius494,mc1Zg9rmdJbJlNc1
miniradius495,asYQmS0SrDWASjny
miniradius496,enSUC8e5nrz1WQxv
miniradius497,2CbLuKIlXzdX7HrW
miniradius498,AFfxsHAfjEfZndfa
miniradius499,r5WpykFbBEVAyY6b
miniradius500,qpIMu4qdx44OoSix
miniradius501,wnRqp5ytU3i7ruSa
miniradius502,b0auvXTwmhJMJLdb
miniradius503,Al8xcDyk0HEeyPZX
miniradius504,MkHtAUNByb7eUTrE
miniradius505,8YPcu9OuWM5EAaNQ
miniradius506,WFhFEjD294c07j6o
miniradius507,ojNM10CRr7XKrzd0
miniradius508,HE7P5RacSMQ3Wuc5
miniradius509,gr8f1JAwAwYr8GJo
miniradius510,deQskwxu72k3NS5U
miniradius511,hT13CsSQcL4fASYC
miniradius512,6EmuZxo90R5GpGZF
miniradius513,Uj8a1YKIbqnxYPcC
miniradius514,k7EjCfi3AiToshjv
miniradius515,MaD0dmogDQLiOhBY
miniradius516,eFCesEv3ptKkzSaH
miniradius517,j60HBMEabgxbxfZk
miniradius518,NwHGsmUEQYFS1D4v
miniradius519,UmgCFHZR51HjQX5R
miniradius520,YBmgHPwnEeO1k61v
miniradius521,eMi0YU8D8BshoIHb
miniradius522,psh0byO6qO6LSVZx
miniradius523,CqMsMcu5mJJyxRCM
miniradius524,gBHkT1fPvGNWsGJE
miniradius525,2pLlWUndJhZizoBl
miniradius526,QlDBdrydmksfxslV
miniradius527,cgUgwzdwJPJ9ux7X
miniradius528,3jzRHlqU1tYUteqi
miniradius529,rlSV5pduvGaEMUAp
miniradius530,xZw9OYHOa9qjmcPr
miniradius531,Wp73c87Tmd0Bdo7t
miniradius532,QEjBk3WSeBT33YBo
miniradius533,2CUQlRzm6uQB8o7S
miniradius534,ECPrCNonKpzexJoq
miniradius535,TzKKbHhjZl8E88o7
miniradius536,2kjMGXZH816Q2ZVQ
miniradius537,y8FZeKYxl9bKtrP6
miniradius538,k2z1vaFur10FWoe7
miniradius539,bIg3T0EGlR1iVq6p
miniradius540,yeD40oyR4nbqjn4m
miniradius541,QYjpVtkT4z97BTIV
miniradius542,9t8t69gfzqNXrZ4A
miniradius543,1FED35N5KaCXLENe
miniradius544,k8u4Wqv29FOyKaBq
miniradius545,EAZPaT8YL9Ew7zsF
miniradius546,o1VM1erHT51Kj0ET
miniradius547,Shg5Mb3ULE7NUU08
miniradius548,MG1T2j3SC2FXYd0L
miniradius549,JsDqozeGbhFOWeks
miniradius550,k6PvV3aB5HRJS4qh
miniradius551,iHdLziDaVEka0dmK
miniradius552,2UUZQWeyDNLrz0WK
miniradius553,Idu3Idn34UFiTP9H
miniradius554,rXwFh0TTwfp2Hz5y
miniradius555,VexabaDTQflI0EKP
miniradius556,MfgBptDdf9gSR5Og
miniradius557,mmbunF1UwEyYv9ZN
miniradius558,bYj3UW51Vy2YlaV1
miniradius559,3LIP0dDdAqttOsgK
miniradius560,3lcoLVq1VaOnOjdK
miniradius561,KaGxmp1HLRnKjkI1
miniradius562,MppEpHo3E7ZeNjSr
miniradius563,oSvcoz7YpBclFhGb
miniradius564,DWsYjH5CEQDngsBL
miniradius565,yV455UU9oR9ZOZbA
miniradius566,SYyxaxXO0jXG0Kq0
miniradius567,jtptFMnK2DnChIlj
miniradius568,hFCP4gDqv7ao0ZrK
miniradius569,eOOTE9x5LaCiFicX
miniradius570,8cA6uUhr2G5zs0US
miniradius571,UoXCOTr74cM0AyQH
miniradius572,wg5AgYhaqsAXAeW9
miniradius573,bH5wdzCIqE9IxEBR
miniradius574,DIoAURnLejsgdOFP
miniradius575,k2F3Qx4hSPBDwppJ
miniradius576,dw1dHKYUDf0gjaVA
miniradius577,UUktgFqK0xgOBV1v
miniradius578,vDo98KNhnl2C94eF
miniradius579,BzF0htVBigUpdbl5
miniradius580,lSgxiOAWqzeBvJ6Y
miniradius581,Tmq8lmWi3ZkodEeF
miniradius582,unY8Y5wX7XgJXYZB
miniradius583,buKmI1M1S8yzd6S4
miniradius584,KtDzieY2bALsABCS
miniradius585,0xZRPYx1YN4cJ16e
miniradius586,V3mQinZTiv3UAnnF
miniradius587,uCZnQN81gTv90p6M
miniradius588,pGxY9YDBX541ds9D
miniradius589,Pjz4Dckt0QBFTi5Y
miniradius590,aDeZygmEgqjnCuZ1
miniradius591,gIaaGO46BUzWnLdz
miniradius592,xHdwHLTRoBxBF2EZ
miniradius593,qwJpVK5XdvOvMs0I
miniradius594,Dgy20kFmNYp7whPo
miniradius595,r8GfZjwosab0YFQ6
miniradius596,rFkDl4WkK1a7xaEJ
miniradius597,2cdXO2W4QEJQoHem
miniradius598,ZyvIXcRxcpPMbLa3
miniradius599,W1zYm7C9ijAviETI
miniradius600,xW4yaPRkaIjMrjmH
miniradius601,3J9Fk3cZeXgNAUfR
miniradius602,eT4UCmDYxs5aGo9V
miniradius603,49XOwEEADN2D4ONC
miniradius604,fwEW1PvPsHf7gB95
miniradius605,zkjT1hpM16KEylhv
miniradius606,9JP1BJaZGaqdxDbs
miniradius607,z2tYykvoXJyLcMXS
miniradius608,60ZStXkQD1oLXDkj
miniradius609,dsTAjboMDG7FFJqi
miniradius610,ID3N4qWRrhme3j8g
miniradius611,xDBMbTWZ1IRTQ0wn
miniradius612,hDskmVEfAt8XMlZY
miniradius613,8HwVejXnoYZ3sLYk
miniradius614,THiTOD4aGaM1q0Ii
miniradius615,8SxAhGJFc9HqKh6I
miniradius616,x966z7xVBiZoQGFq
miniradius617,HYweHEZ0Sm9DW9vr
miniradius618,F8dhLlTQR1HKxQap
miniradius619,LR6gURpabMPETNfx
miniradius620,vLkYBcwFTRHvXvxj
miniradius621,DUcKQEarlPTtU1o8
miniradius622,4H5IlKfsUEp5H4nc
miniradius623,SR68uikJShoBUxpU
miniradius624,Ct4A2JlcI6SS2fkC
miniradius625,M37cRy34WWBioeAT
miniradius626,Mvfi8a7R0yT9eH8X
miniradius627,AtzPiGyPBevNHNcH
miniradius628,ar3kOqi7tubRsVma
miniradius629,rmsMEr6C2EIwWxYf
miniradius630,qksK71FpTtcQWzlN
miniradius631,zFW2WvqBNuJ889J1
miniradius632,9exTl23kkQdCB1MU
miniradius633,Ap1Lp4CTFxROIaot
miniradius634,fUCWaLp3jZ98eETy
miniradius635,p5fLRQtnvaijPwwm
miniradius636,WeBpRcjUh17VZjPM
miniradius637,o0aCXXpZytFKYPEh
miniradius638,Y6rEx0ZfeIB2u3Ip
miniradius639,oc6AK7gtpBFjWRgW
miniradius640,hATtoP7shfKwgzn8
miniradius641,3BieAhIVWGppa4V8
miniradius642,OWocGkFfkL9qEucV
miniradius643,kc1NInhRbvOzmkso
miniradius644,h7do8d1mryk0eOsp
miniradius645,3GWDeHVZM3Xj7rfs
miniradius646,kjjxMh97WCy03PNE
miniradius647,9KE5y6QWJczMjABj
miniradius648,j0p6t0q1wI43pA7D
miniradius649,W8gA5HILzTQdgDVC
miniradius650,AgCEJ9jAXcw8bcDF
miniradius651,319J54QIaFBVSs3e
miniradius652,yFkTgt4D4liP5iH9
miniradius653,iPPE3xL2a1DLhuOy
miniradius654,dW0wW6CywOQCAn4o
miniradius655,9ivpvDhr7KfSDL9y
miniradius656,LoV5NrHUMUJUTj0d
miniradius657,wmM7itwU71iG0VC5
miniradius658,BXHzEFw2lvET5ddN
miniradius659,zIyQyS1CSzRVodJd
miniradius660,dlYPvtjGZZFWNuS1
miniradius661,sFhKe3zxXd8W8Rhk
miniradius662,SYkYZWcwtbi9ANXY
miniradius663,TomPfK7c4OV4ZASk
miniradius664,pN9a9lkUCk9brGTj
miniradius665,E0nfNPsUewl5w75D
miniradius666,qDoLNXNYBpqEcLBX
miniradius667,qdI1siPg4o1OCk6B
miniradius668,Qdc2NqrBxgog5cSg
miniradius669,XRQ9akmMlK7LheSM
miniradius670,p8EuvVkugEytRjaH
miniradius671,3oAQtKXAfo4Xzyxj
miniradius672,UwjcMPPPoRpxsEec
miniradius673,zGOuzzHM29rPikKe
miniradius674,EFl0FFRdIDe3judw
miniradius675,yvlJsiigipfXzJ1K
miniradius676,fm8bfh8snjEnxT5a
miniradius677,74eiu3xArOiSXvAI
miniradius678,Rdj2QTUMfmaQyVYR
miniradius679,W3WeaMIpBy0aRtmK
miniradius680,L9fQZlrrJlwQrVCs
miniradius681,tQj1P12s7Q9IIOOe
miniradius682,ACYo9iW5lcVvjecf
miniradius683,KVF0QZYZ6tWjtfl3
miniradius684,NjsX3yhtwUwU1Ako
miniradius685,nX53w33BWXoa9eVf
miniradius686,fEVckMf5UxbzyJRk
miniradius687,5XRexuMMYhKr6pEB
miniradius688,NfJSJviTrUwM1Tp0
miniradius689,dLIJGbbrftCgE3L0
miniradius690,q0yskY5e3kcny8JO
miniradius691,lxPTDfy62AEZP30l
miniradius692,BbTcNreVpyj7wHd3
miniradius693,DwHzHu6Zws8ueA3g
miniradius694,yl84v8VpgBdkQ3wv
miniradius695,PqIMJUsd7WjDFbvb
miniradius696,3Bqzd9tKa20YfFZZ
miniradius697,AcInl3dSSZ4EkA9n
miniradius698,g1Hxxw7cmab7NYl7
miniradius699,z5yV0sIcFc1qy55T
miniradius700,DN1Ny2uOSkGxuee2
miniradius701,G12hVrwpeXC4Dpzl
miniradius702,j7MR2xCpuvnnsSuD
miniradius703,w73TfBdmNElFyjP8
miniradius704,Nnbm22jfyVkpLAOD
miniradius705,GsDZqwGSUZaUwaom
miniradius706,D6Ge2Ya3EDP4inp7
miniradius707,38YPWxJzp9SviNp9
miniradius708,WXabOpYSCayzDAqk
miniradius709,NgQPBFsq173TrxM6
miniradius710,IkK2C7kZzTY6TPu2
miniradius711,RbA8Hth7DBHsREt5
miniradius712,EZCCklvLlKz5erZP
miniradius713,0LgnvIxcoACnOlpz
miniradius714,o9bLhd3QY3Z1VZ1k
miniradius715,JdyvUV3CuWHEMzvS
miniradius716,Mspg90TvR666XD5b
miniradius717,dRWhnQGD90XC3k1u
miniradius718,sgjJFVMR1tn61PCL
miniradius719,jtyVeSq0E0ALHls5
miniradius720,KiMlZiONYrWXSSub
miniradius721,9rkGCl7TT1JaAr81
miniradius722,MDSlBO1OneVZGHce
miniradius723,Ey4F8Jt1GVTH3VE5
miniradius724,4SBzzJM7PGOAM59a
miniradius725,K5mIDO5zD55W5CT8
miniradius726,GVmeDRR9AKG1oZae
miniradius727,x5hZU9mpP6v0qcav
miniradius728,xqVWyqRLddPgnjRb
miniradius729,HqZpD4PdZjOPh4jt
miniradius730,4V0TjtptxzCS4Jh6
miniradius731,aSEQCeULNrtyjpGf
miniradius732,7xWxvcNgPlciC0Sh
miniradius733,1VDPKLhcOtafklwm
miniradius734,1KrVY0xdbRXAT7kX
miniradius735,Bn0nQVhO9eVUkmv4
miniradius736,cqqU75neZLJL9PU7
miniradius737,sObmY6Of6HAVj3bB
miniradius738,mypoWhebGS2O52Bt
miniradius739,Rz4zqI7gNlmePCOM
miniradius740,INiQSoAXMpW7eErx
miniradius741,pyYEpx1QQfYK3K8y
miniradius742,uMKJAIrvLW1zWRD6
miniradius743,Py5PF9JWKwP4scbu
miniradius744,n7jZGAVM0bXO6slB
miniradius745,Gbo7lO3trkhTTO8A
miniradius746,r1NBEMxyJ3kskOij
miniradius747,fvlxXHvp6LjHLkAx
miniradius748,8xWZs8nSY7TDUiBC
miniradius749,WKXzRwoDE8RkHc2w
miniradius750,xz10Qy2aNk680TRv
miniradius751,UxOTllX6zw6JhI6G
miniradius752,Nm1RFometaJPNfx1
miniradius753,K4fFbb3bjWHXGxK7
miniradius754,6YjBQhwO2Cg6n8c7
miniradius755,4TKusDgBIHrlFw4V
miniradius756,rimYJChK0P74K4qq
miniradius757,P5U1G5A2LxrFGQyr
miniradius758,2lskuchS8QGBfYFN
miniradius759,911eYRgXOCY7AOoB
miniradius760,XV2chXW0A87IRn3y
miniradius761,j7VBUOzF1iBJ4rtb
miniradius762,nddhxj67axxGv0Xe
miniradius763,Cu1gdMKELeGOrqDn
miniradius764,obhemsqEVddWDu9b
miniradius765,uekdGcPN6UXS711r
miniradius766,ycJYuxTbDsQ9NZpF
miniradius767,c3kJstM0wcGL3xxv
miniradius768,wLqBi5zrgxovImHT
miniradius769,4f9K9wyHQcJceSZT
miniradius770,u8dRizs3Eh6t7VsZ
miniradius771,sKKITjiTgtYtDyV7
miniradius772,HUqBGI4SilnxxdBU
miniradius773,3ZmOG0O28IqI97zI
miniradius774,1YkiTtcrikhisWD7
miniradius775,Y8NZlGMjUnFMjqpI
miniradius776,1fm200q5iL7k02aY
miniradius777,nE1eo7ek35mR9hTf
miniradius778,eVhQLU6Pntu32VMw
miniradius779,A0z6Wc59ul1eJ64i
miniradius780,tnAwzFEPJ6bGdTZ2
miniradius781,G9jGoGaiKRNXZlH2
miniradius782,XyR6vndNyyWWlOqS
miniradius783,FmLQIiDSkNewZsuW
miniradius784,GHUSFsD0yorQE2yd
miniradius785,4IoHSdM0S7F85bRk
miniradius786,wkKY5vB9LLj9j0BT
miniradius787,W4p6dK46MUu0wd3V
miniradius788,k31J1fxlf5ZIfFy7
miniradius789,DxMKCJ8uDCny673l
miniradius790,WCJjpWM21IEEfxJB
miniradius791,V37w5y8ZecdTCP3A
miniradius792,XRaZhAKsaTg6Fm0E
miniradius793,v7hUkLWVxF7VoICb
miniradius794,7DXlJhqQdAbWho1C
miniradius795,cNwg8qIQpfiAQhSC
miniradius796,cVlzZHJcZOtax1nO
miniradius797,RHfVVGUe9NoR6bqH
miniradius798,QNfrmEQ7MOSWWuNW
miniradius799,8mf1f1dmkSkm1hdd
miniradius800,1IJUjjHe6FchLrG5
miniradius801,8enMrJI0RfYRU8E7
miniradius802,U4sZ3yt254shmpWA
miniradius803,lcdt6FlaAuFI12zm
miniradius804,YuItn0MgmtCuvVVr
miniradius805,PJ7A26CGSHQMASrd
miniradius806,nubrl3YVBLJTq8xV
miniradius807,18wNW1vpII3vQfpe
miniradius808,8WemXF8xpTX9ptZ4
miniradius809,e3YHU227NSwKKA7m
miniradius810,5jeLC9LHVCKaiqor
miniradius811,3Jd9zVIB14qpzCh2
miniradius812,1lv2xat1cjwvCwrm
miniradius813,mDUV9VYuASn9o0Yr
miniradius814,JJ9uK7WnQ5sZlguB
miniradius815,023dc3RkJIes3stV
miniradius816,4LBCn1hjOEOyaWom
miniradius817,1IfzFvVg6YZNVgU5
miniradius818,rAheBW93ZUE0RgbR
miniradius819,9dK6pU2gu6A9P1RJ
miniradius820,oJNPunscA0Ux1iCs
miniradius821,o1Vb1gWwVvJLv2Fd
miniradius822,ULp2ZFKAf8p10mSm
miniradius823,1bf1BzOKJdta9MMY
miniradius824,Hty2QojWoeHuse1b
miniradius825,Qdd6eOwrSLoqaw6r
miniradius826,vUVBuM9Qv68j8hHX
miniradius827,e4jxY9o2TOKq37Oy
miniradius828,wQkTEGYJGY9t7enp
miniradius829,CdtICpqNwtmT29xN
miniradius830,yKdxKxqf93WAPsaW
miniradius831,wEbR7CEpvepBM0ve
miniradius832,RdtrEoLm5Xaw1FYu
miniradius833,Z3QXrQtA9oXi9OEv
miniradius834,MPlJ2w3VNHuj3Cfv
miniradius835,lofWdWBwnFZTo33Q
miniradius836,ZLKxmZShVERv8wZh
miniradius837,VM1wRDBx7CqP9SpT
miniradius838,exHQ0OqwMB6lzMfx
miniradius839,yUhrMunjqXsWm30p
miniradius840,vF0nYtYEUyalfmyb
miniradius841,7ZXWwnnuaTktZSZR
miniradius842,f0NMK4aenRdBpAQ8
miniradius843,85rYbAmQ939G7pd9
miniradius844,sYqVFsrPkanTtnx6
miniradius845,lrMyEZQKwrqz0wD6
miniradius846,J3iYmDnVFuyZtbjr
miniradius847,znmU1LY8Vr9vErWU
miniradius848,fMD7UQQX97HbBmaP
miniradius849,0GjKaLz9eqyQkmO8
miniradius850,dhb6Mggnkrd9u3Fq
miniradius851,Tx8cjt15gy51J8pI
miniradius852,Gb62ChVpWKGyiQ4s
miniradius853,bdUOKAQdITHtGY7s
miniradius854,x3tkwbYUSg4oD8zS
miniradius855,xKGzyvTz3H2A1uam
miniradius856,DDfB9LdNM1JwwSZP
miniradius857,WEnqBMKwKY6Sou9J
miniradius858,o3FHbBq1BDiUm5uX
miniradius859,7mUb53CZBHt2P8j8
miniradius860,rvQSPJOu8SswJ4Bu
miniradius861,rHnQcUEPBVhvpIoe
miniradius862,hTJhp806vFHFfqOO
miniradius863,9APFoTo96tEwkMcM
miniradius864,T9BcqFadubHQSWZU
miniradius865,9RatyD6UGQh4h9GK
miniradius866,xL6HDkHRdme6NtZq
miniradius867,bNBfUuf21wgYUXGf
miniradius868,FqGmDOhUwVopLLga
miniradius869,LzCApxjBjhQipm14
miniradius870,6nZULGncIVbHdNJx
miniradius871,xk2Ig9MOTuvfWQB9
miniradius872,lHpeU05FCsd7qKnE
miniradius873,I4IRWzYtAHDqPchr
miniradius874,WGbRH1L5QQkAwl4m
miniradius875,svYQUk4rEk2qsNzc
miniradius876,vNxzqGjV74b4KSsA
miniradius877,H8snNPDwoNFrfTjg
miniradius878,1HVxc32UVSiqnEzn
miniradius879,ZdBkRDydchJdfdqK
miniradius880,bvx73fiAgPAgNbPh
miniradius881,mfJpm0HHx5ZrqNao
miniradius882,MRgiSW1uuZDfBOJB
miniradius883,lmxX8Jz83VCqDWJ2
miniradius884,R8qnWHxFPZ05jxcD
miniradius885,aH4o1ib27UgW0Ysz
miniradius886,DhJNuNwRAZLyZxPs
miniradius887,8OFirpw4uFUJH5nU
miniradius888,Or9YGzDGGexjwFFS
miniradius889,nd7g3d8XIeSDBeRs
miniradius890,OjNKtII43wY6Jtu3
miniradius891,q1eBcB7nmPwO8GaH
miniradius892,s7n2f6PZ6NT5bI0a
miniradius893,toREZ5pgKeuv8yvl
miniradius894,AKssv0I4D8KaGeap
miniradius895,rqJYXEoxWm2eaiMn
miniradius896,LC2Et5pvuWh8b8HJ
miniradius897,8HH0hUPOC4W8OLzJ
miniradius898,jZhbelBcZDEiWDir
miniradius899,Eufgx8JDO9MHhiJb
miniradius900,7mzQXbfYZc0t5cwS
miniradius901,BTu7GvQPVcnIv5pF
miniradius902,xoDqm1F5jF6E9yu3
miniradius903,dDRQFI9KBxwpg8Sq
miniradius904,kwCBR55MiccExMfV
miniradius905,MZj2ZAk4DtKlWTK1
miniradius906,Z6KgUDeU6makb22F
miniradius907,1kZlZBuFWwms5kPT
miniradius908,rrd0LpsAlIlERwaW
miniradius909,x6a8pIVaBaG0cKT7
miniradius910,KWg0xOEg4BB8CE4z
miniradius911,t9RDbH9MbTroENPc
miniradius912,d8jSB7SDFCJVnrDg
miniradius913,KeYizDjjkGeK57bg
miniradius914,rMES3JyHQIveyjKS
miniradius915,W8G2R3HiqboyTyEI
miniradius916,x3bkQ2x37oqBmr9z
miniradius917,GBrFIR4KqLt1u1sm
miniradius918,h7V5DnInYqUWl70u
miniradius919,poR6EWiKBQZdLcdf
miniradius920,4cxjgvW497Vqz1AF
miniradius921,V0qScnRgAFuC1wYj
miniradius922,Qz0TbejtlvZV2rcQ
miniradius923,ekPEgpAVK2OViydt
miniradius924,9D5paeQD6NfmZ6pD
miniradius925,NPRfgerTUAoIYb52
miniradius926,JSAnbPoqUT1fupNG
miniradius927,wrM1AdusLNzKTXhj
miniradius928,W6JT1ZLeNSdvBc4V
miniradius929,zJTPAU5iWFA9RER9
miniradius930,MQ7r9IQDQRPZnVT7
miniradius931,Vd5G6OA6dkCPXViQ
miniradius932,LVkxOzI2fLfrFxa2
miniradius933,keSxUK7MLbYE5Z5Y
miniradius934,U0IPDNWwLRKgshE5
miniradius935,8YaiSO4sP8YbwmJ2
miniradius936,huPJiM633DM5wo4h
miniradius937,2bhg9n9SMG6GNYNC
miniradius938,tBGwLCysAguoyUZa
miniradius939,4opGkU17WGuQvUAb
miniradius940,cp6esj3KEuhdrCYE
miniradius941,S7rWj5Dwr6snfmHs
miniradius942,qJD5XhIzUTfXs6pw
miniradius943,qZJCcx2KuMKtgh4X
miniradius944,8F6IGOJA73fj7gBE
miniradius945,ZPVYRvSERRFr0x0A
miniradius946,xIO2GG5pQV42ipLX
miniradius947,hVzizc3RLprwb26A
miniradius948,thFWXdJMm2tklczJ
miniradius949,shTjynSfC0PKE5M7
miniradius950,C8eXZY1Noag8qG4V
miniradius951,aFm40HfnqAhorcML
miniradius952,G8AA5eZQ3tRhiEyJ
miniradius953,9iLcmfTphxUNPMmj
miniradius954,FKXDmJw8zUyDbn4y
miniradius955,aLxcAkvfL1ThZwy3
miniradius956,3KYIJOa2v7LZ9fgi
miniradius957,AgAoolOSY9Gbk6Uw
miniradius958,GXTILvGCoJAmJXVj
miniradius959,oE1dhIK5sMx5iaCu
miniradius960,z4l4WpVKoqE6oKjk
miniradius961,E9FURMhmbMAsH2IR
miniradius962,GG8iODDML4PcV45Y
miniradius963,aL5rphdYwO8NXJ8m
miniradius964,HwwiCrhIkA7w3uim
miniradius965,rmce5Ct5Z2QMGO5C
miniradius966,6Uc341yXAuXNcBZG
miniradius967,5oBZhE8PgzBsxLvt
miniradius968,BXsZe5W44SiKVh4X
miniradius969,YJGL0AREcYVO5jOh
miniradius970,LSGLEbQE5ezwq2mI
miniradius971,08TUcUdWQefQhMfP
miniradius972,lWP418HZjrjZ5eML
miniradius973,WZXFzT9y9b0sV2qj
miniradius974,0qoRIICeZQtsXCQN
miniradius975,6pVjf6g3McvcbQ0Y
miniradius976,932JBrBCEmzJ8Ygx
miniradius977,cy4hWud4ltjYp8Ow
miniradius978,6dsqtpSuijmQEDN8
miniradius979,p4FrrkOB5N5lvuAN
miniradius980,H1YSa82FdtONS7ud
miniradius981,wvkdAIqQHw9jD5JC
miniradius982,NfOdCdPAIwrYHI5j
miniradius983,g3X82ct828ShGlBe
miniradius984,Ez6ti6D0F6iG6GZz
miniradius985,AOQbVApp5us4CvVw
miniradius986,Be0jRFws27vbBIgL
miniradius987,mMauJ0LsSlAo6p9A
miniradius988,Xy78EPiL3vfougmt
miniradius989,dbD4MQYMDqQ3PoXs
miniradius990,h9SOscjr5dTx1dde
miniradius991,Iq20rAMqzyDrVWHr
miniradius992,CWS45Hot9iPo5dKR
miniradius993,YsCxMS2SycOHL2kS
miniradius994,CveGqk05w7DEmWMY
miniradius995,qbssYnwQJOY68syU
miniradius996,D4e5jSC9j0TX3i6S
miniradius997,VYMDVKhoSRIAvmRt
miniradius998,l6zj1LBI5803NKN1
miniradius999,W1ppexEFzHHcYxqR
miniradius1000,6CyOHQMc8WaIUuWj
